x1,x2,x3,x4,x5,y
0.4241,1.2065,-0.0992,1.1363,-0.4517,2.5081
1.4999,-1.8712,-0.1863,0.1274,1.6150,69.0924
-1.9402,1.0229,0.0152,0.6839,0.5239,48.9160
-0.3690,0.2127,-0.5173,1.3148,0.1116,-1.6333
1.3925,1.9357,-1.0630,-0.0942,-0.1154,-99.9433
0.9656,-0.2932,0.5196,-1.3991,0.2537,25.5336
-2.1533,0.3654,0.3698,0.7397,-1.1425,0.9419
0.2487,0.6955,-1.1661,0.1354,-0.6051,-126.7737
0.0503,0.5905,1.3155,0.2336,-0.0065,127.9774
-1.0927,1.1356,-0.8057,-1.2484,-0.1795,-110.4231
-2.0048,0.0047,0.2614,0.9898,-0.2748,40.1262
-2.0424,-0.5837,1.2531,-0.4782,1.0633,155.8373
-1.0380,-0.0391,0.4162,-0.9645,0.4529,37.6648
-1.0093,0.7254,1.1408,0.8391,0.2467,140.3929
0.1485,0.2870,1.1104,-0.0490,-2.5351,-21.7846
-0.8415,0.2228,-0.1606,0.4150,0.1319,6.4789
-0.1280,0.4588,-0.9883,-1.2105,-0.9566,-163.4538
-0.6645,-0.5005,-0.6378,-1.3202,0.9043,-44.3669
-0.7721,-0.4620,-0.5713,0.3244,0.1216,-32.6301
-1.3312,-0.7626,0.0685,-1.2094,0.7325,13.3101
-1.1174,-1.6428,-0.9202,1.0813,1.9696,46.3406
1.4581,0.9568,1.5702,0.6983,-1.3972,94.5603
-2.0054,0.9022,1.2237,-2.7346,-0.8204,0.5108
-1.1683,-0.3523,1.4452,-0.8081,-0.0113,111.4004
0.1337,0.1954,0.4543,-0.9865,-0.1483,11.0762
-1.5630,-0.5411,-0.5393,-1.6678,-0.3420,-105.8188
0.6174,-1.4991,0.6773,0.2557,-0.4668,49.1311
0.1387,-1.0882,-0.7482,0.3139,0.8633,-12.7287
0.8107,0.7053,0.9371,-0.1493,1.1940,142.2401
-0.9711,0.8419,-0.7819,-0.4700,-0.4625,-101.4647
-0.9821,1.0990,-1.4023,-0.8470,-0.6297,-175.2927
0.9057,2.1138,0.2361,0.0259,0.5305,51.2737
-0.5755,-0.6889,-0.4268,-0.4303,1.6061,32.8942
0.2773,1.1040,-0.1283,0.5097,0.1601,14.0692
-0.0356,1.6368,-0.1394,-0.4723,1.0853,31.8408
-0.2507,-0.1370,-1.6353,2.4435,1.0093,-28.5589
-0.4737,-0.9980,-0.9822,-0.6430,-0.1204,-107.1620
1.0911,0.6440,-1.5943,-1.4750,2.2662,-67.8327
0.4087,0.1579,2.1798,1.3474,-0.9799,187.8196
-1.6339,-0.1346,0.2616,-1.6541,-1.6613,-97.9892
1.0505,-1.0115,0.4694,-0.5107,-0.7299,-3.3829
1.4580,-0.6265,-0.0905,-0.1376,1.1018,45.6126
0.8196,-1.4222,-0.4231,0.9526,0.3416,8.1412
-2.0122,1.5862,-0.2156,-0.9640,-1.6261,-120.1542
0.1715,-1.6327,-1.0428,0.5241,0.2754,-61.5302
-0.6473,-0.2786,-0.4411,-1.3914,-1.2342,-132.6543
-0.1012,-0.2998,-0.7193,2.2569,-0.2243,-10.6203
-0.7788,-0.1513,-0.3865,-0.4535,1.0860,10.5885
-0.9110,-1.6331,0.0031,-0.3342,-1.2336,-64.5176
0.0354,0.6133,-0.7752,0.2741,0.7356,-21.9699
-0.8121,-0.0478,0.3576,-0.4429,-0.8871,-18.9854
-0.0959,-0.4362,0.5361,1.3613,0.9229,133.5614
-1.4563,0.2663,0.2516,0.0340,-0.6472,-4.9088
-1.0742,0.6908,-0.5679,-0.4005,-0.4769,-81.1015
0.4815,-1.9586,0.1348,0.4367,0.3357,44.0643
0.1015,0.8256,-0.4271,-1.0385,0.7093,-27.5369
0.2778,-0.4780,-0.7216,0.4010,-1.9658,-146.0915
0.6004,0.2311,-0.1779,-0.2850,1.5874,57.6670
0.9172,-1.5859,-0.2691,-0.3319,1.7640,57.1541
0.9992,-0.7220,-1.1380,-0.4426,-0.1144,-114.8765
-0.7327,0.1546,-0.5313,0.5192,-0.9128,-74.0342
-0.0110,-0.8596,-0.6899,0.0786,-2.2039,-163.1419
0.0291,-0.7915,1.1943,-0.6442,1.3969,162.1593
1.2544,-1.7378,-0.2481,0.2885,-1.4626,-82.7021
0.0560,1.5025,1.9897,-0.1842,0.6619,209.9193
1.1849,-0.1501,0.7972,1.3570,0.1812,120.2176
-0.6260,0.9329,-0.2541,1.6022,0.4406,45.8497
0.0744,-0.9565,0.1216,0.2629,1.1117,76.1784
0.2024,1.3400,0.0277,2.0110,-0.9015,15.8414
0.4761,-1.0257,-2.0754,0.7912,-1.9548,-256.8827
0.2454,0.3749,-0.9795,-0.9270,-0.0822,-111.8730
-1.9442,1.3365,0.7711,-1.0609,-0.3349,28.2352
-1.0270,0.5659,-1.3712,1.3048,0.3994,-64.9093
0.2559,-0.3848,0.0102,0.4223,-0.8438,-25.0117
0.9204,0.1963,0.5000,-1.3990,-0.6466,-20.0470
0.3577,0.7040,0.8157,-1.1062,1.1038,102.0999
-0.7181,-1.7022,0.5262,-1.4442,0.5212,38.4755
-0.1634,-1.0938,-0.6431,-1.6361,-0.1487,-104.2323
-0.3280,-1.8781,-0.2304,-0.0563,-0.3143,-33.4426
-0.2652,-0.0163,0.6664,0.9756,-0.9581,42.7403
1.8486,-1.6683,1.6953,1.7703,-0.7914,164.6282
-1.7016,2.0777,0.8601,-0.0573,-0.3402,62.8066
1.2326,0.1093,-0.3434,-0.8500,-0.7491,-86.1342
2.1702,-1.1258,-0.1497,-0.4427,0.3271,-5.4490
1.5130,0.4458,0.6405,-0.7504,0.2387,52.9025
-0.1005,0.9960,-0.3729,0.8974,-0.6324,-36.7171
-0.4524,-0.0226,-1.0326,-1.8963,1.0292,-89.0069
1.1464,0.8902,-0.2978,-0.9896,-1.6146,-127.5322
-0.3576,-0.2411,0.3294,-1.4049,-0.2327,-15.7120
1.4239,0.6632,-0.9941,-0.2433,0.1851,-82.9988
1.6542,-1.2839,2.5930,0.0568,0.8470,278.9256
-0.5690,-1.0137,0.1893,0.3631,-0.4191,10.2884
0.8023,-1.3959,0.4152,0.1801,1.9108,139.2934
1.4329,0.6743,-0.6312,0.1565,-0.8816,-91.6407
0.2038,1.3391,-0.3636,0.4170,0.6200,12.8558
0.5640,-0.4937,1.1592,-1.8544,0.4376,79.9114
-0.5922,-0.5847,0.0509,0.3064,-1.8733,-75.1902
-0.3341,-2.9935,-0.1643,-0.1453,0.5843,13.7864
1.2916,-0.9806,1.2228,1.0577,-0.8261,101.9193
-0.6309,1.5635,-0.2378,0.1575,-0.7041,-46.8359
0.4779,0.5841,0.6252,-1.4447,0.7791,59.7778
-2.0840,1.0723,-0.2834,0.9594,1.4005,72.9356
1.8229,-0.8425,0.0365,1.1673,-0.4146,17.8957
0.9565,1.1952,-0.8859,0.0308,-0.5991,-103.5641
0.9905,1.1622,-0.8820,-0.8911,1.2870,-35.5305
0.4308,0.3172,1.1168,0.2324,-0.3863,91.8700
0.7526,0.3676,0.3088,1.4933,0.3305,88.1113
0.4912,1.2233,0.6870,1.9833,-0.2066,108.2524
-0.0470,-0.9914,-1.2539,-0.4910,1.7647,-35.3133
-1.0218,-0.9987,-1.7388,-0.3320,0.2789,-146.9165
0.6936,-0.3061,-1.6325,1.1271,0.8847,-69.2217
-0.8266,0.2179,1.0419,0.4362,1.8716,200.8862
1.3928,-2.1565,2.0361,0.4756,-1.0319,148.2418
-0.8359,-2.1212,-0.0431,-2.7452,0.2777,-59.3605
0.8139,-1.4982,0.8421,2.5723,-0.3311,132.4289
0.3701,-1.4265,0.1368,0.3994,-0.6356,-4.4912
-1.3190,-0.4166,-0.2291,0.1116,0.4863,10.4201
1.2697,0.8747,0.1944,0.0923,-1.2770,-38.8050
0.9622,-0.7682,0.7084,0.6469,0.3190,99.8767
-0.2480,0.0741,0.0408,0.3249,1.8041,104.3249
-0.4857,-0.8716,-0.4080,-1.3020,-0.8343,-108.0868
-0.8730,-0.1958,0.0528,-1.7718,-1.1433,-94.7168
1.1143,-0.6097,0.6053,-0.1802,1.6505,133.4823
-1.1758,1.9826,-0.5667,1.0685,-2.0288,-117.7245
-0.7200,1.4679,0.3563,-2.5116,-0.2351,-42.7835
-0.4713,-0.8046,-0.0585,1.9092,0.2501,61.6508
-0.8299,1.1457,2.2203,1.3815,-0.4256,219.4489
0.8339,0.5926,0.8428,0.5832,0.4503,116.5660
0.4827,-0.8344,-1.1990,0.2065,-1.3085,-162.0617
-0.0422,-1.5647,1.8297,-0.7951,1.2374,206.6057
-0.0421,0.1745,1.2655,-0.6230,-0.4898,76.4694
0.9171,-0.4410,-0.7878,-0.1196,-0.0427,-71.8244
0.1029,-0.7160,-0.8220,-0.6106,-0.1277,-92.0171
-1.4896,0.3271,0.4303,0.0363,-0.5148,18.2249
1.0638,0.8477,-0.6108,1.0861,-0.5232,-47.6412
0.4675,0.0198,-0.2712,-0.7411,-0.5401,-66.2306
-0.2999,-0.9749,1.0878,0.0586,-1.4216,33.4281
-1.5311,0.8285,-1.0374,-0.3572,0.1155,-92.5807
0.7042,1.1150,-0.5858,0.9461,-0.1577,-30.6601
-0.4193,-0.6134,-0.1045,-0.5498,-1.0250,-70.2251
1.5814,-0.0384,0.3096,0.4121,-3.0769,-107.4045
-1.0254,-0.4947,0.0548,-1.0311,-0.3590,-36.6964
0.6112,-0.3640,0.1527,2.3219,0.3762,97.8176
0.3147,-2.1713,0.4445,0.3619,-1.2479,-7.6942
-0.4288,-0.1848,0.7381,-0.3324,-1.1746,3.9951
0.0438,-0.2135,1.1817,1.3461,-1.3307,80.5659
-0.1669,-0.3575,0.1907,-0.2233,1.4828,87.4917
0.7062,0.4669,1.1729,0.7989,-1.2522,69.2924
0.0395,0.0493,0.0861,1.1216,0.6418,72.6760
-0.9171,-1.8051,1.1327,-0.0643,-0.3099,88.4053
0.1581,-0.1156,0.1227,-0.1684,1.2096,69.7473
-0.9546,-2.6171,-1.2777,-1.0456,-1.1038,-192.1091
-1.7523,-0.4367,0.7353,0.6885,-0.3480,71.1444
0.3239,-0.3675,0.4725,0.9625,1.1308,127.0425
0.6712,0.3128,0.7013,1.2546,-0.1238,93.8591
-0.5855,-0.6950,-0.9921,-1.0046,0.0726,-108.1618
0.6814,1.6684,0.8990,-1.8765,-0.0392,32.4628
1.4656,-1.8301,-0.1637,-0.9752,-0.5516,-63.3646
-0.0536,0.0730,1.6064,1.7489,1.2345,254.9906
-0.2115,0.1299,0.2390,0.9460,0.2209,61.5521
1.0828,1.0630,-0.2720,-2.0109,0.0395,-71.7203
-2.2791,0.0871,1.4136,-1.1880,0.9263,144.1946
0.4823,-1.3536,-0.2823,-0.7541,1.3747,26.1278
1.5680,-0.8273,-1.1699,0.9095,-0.1712,-84.7624
0.1050,0.5801,0.4369,-1.0244,0.3445,32.4290
0.3717,-1.8150,-0.1554,0.4986,3.3552,166.6545
-0.6922,-0.3119,-0.2499,0.0508,-1.4528,-88.2476
0.5313,-0.4451,-0.6742,-0.7727,0.8772,-34.3140
1.0678,0.0987,1.2348,-1.2518,0.7579,118.0060
1.6032,-1.7666,0.2199,0.4865,0.1733,45.2805
-0.1636,-0.7655,-0.2823,1.0046,-1.4818,-66.7476
-1.6400,1.1958,-0.0132,0.1111,0.7640,42.9643
0.6030,-1.0415,-2.2267,-0.4431,-0.2126,-218.1371
-0.1946,-0.4704,-0.7059,-1.0698,0.3625,-69.7975
-0.0845,-1.8744,0.1304,1.0108,1.9701,138.6969
-1.7089,-1.3100,0.7138,0.5616,1.0630,134.8199
-0.1604,0.6362,-0.3955,0.5384,0.0719,-14.1193
-0.3126,0.7855,0.6966,-0.7847,0.6727,78.1123
1.1647,-0.3981,-0.7298,0.6866,0.0581,-39.7681
-1.3367,-0.0233,1.0633,0.3642,-1.0205,59.0252
0.5501,1.7724,-0.5216,-0.3604,-3.1963,-208.7650
0.1555,1.0706,-1.1032,-1.2340,0.2461,-115.2691
0.8138,1.7448,-0.7360,0.7001,-0.0196,-44.0509
0.8525,1.3022,1.6243,-0.4207,0.9339,184.3131
-1.7087,2.0285,-0.0768,2.9649,1.4843,148.4877
1.2954,-1.2727,0.5676,-2.8145,0.0235,-18.1903
-0.8231,-0.7329,-1.7275,-0.2661,0.7648,-120.4969
-0.3686,-0.1635,0.3422,0.9361,0.9493,106.3218
1.2486,-0.0853,0.8905,0.1512,-0.9780,40.2354
-0.3600,-0.5775,-1.1054,0.8935,2.5450,53.2439
1.2544,-0.8051,0.3162,0.6877,-0.9650,3.4441
-1.3734,-0.7306,-0.6867,-0.9330,0.5578,-55.0615
0.9919,0.8337,0.8246,-1.4941,0.8040,77.2884
-1.4778,-0.2024,1.8286,0.5919,1.3149,247.7852
1.4314,-1.2117,-2.0273,-0.2393,-0.6301,-214.4836
-1.3973,0.1702,-0.0736,1.3621,0.2817,47.5912
0.9241,-0.6839,0.0446,0.9407,2.0249,132.1187
0.7136,-0.6417,1.1421,-1.2255,-0.0040,73.7826
-0.1052,1.0247,0.1291,-0.4700,-0.2763,-10.5259
1.2166,0.2588,0.9239,1.7957,-0.1753,126.4940
0.2996,0.2759,0.5328,0.7592,0.0372,74.1297
0.1346,1.5211,1.2364,-1.5618,2.1654,179.6132
-1.1684,0.1163,1.1152,0.4048,-0.6485,83.1042
-0.6500,-1.6626,0.4511,-1.4345,0.3688,23.8641
-0.9631,0.2975,-0.6394,1.1388,1.6932,59.8633
-2.1231,0.5101,1.3082,0.9699,-1.0674,95.1143
-1.0900,-0.3698,-1.2110,0.2993,1.6829,-13.9598
1.4117,-0.3247,0.5612,-1.2277,2.4144,139.3183
-0.8294,1.3933,-2.2607,-0.4697,1.2710,-148.8702
0.0341,-0.2712,-0.9061,0.0463,0.7131,-40.9340
-1.4112,-0.6456,0.5359,-0.7766,-0.8254,-9.0964
-1.0364,-2.1705,0.1213,-0.5765,0.9099,43.5351
-0.7438,1.1751,-0.5912,1.0574,0.7417,15.8855
0.1381,0.1615,-1.1452,-0.8004,-0.0660,-123.5181
0.2369,-1.0381,0.5814,1.1677,1.0972,141.3603
1.7387,0.8018,-1.5120,0.5513,1.1601,-59.7101
1.1088,-0.4183,0.2262,-0.2670,2.2232,126.2471
0.9532,0.9200,1.0062,0.8524,2.2993,229.4196
-0.3314,-1.0330,-1.1471,0.2842,-0.1696,-99.3328
-0.4357,0.1269,-0.7250,1.0865,-0.0790,-35.8812
-0.6248,-0.1156,-0.9361,-0.2353,0.2467,-73.9629
0.3999,2.8722,0.4484,0.2802,0.7886,90.0725
0.1483,-1.5647,-1.2614,0.3092,-0.5616,-128.3987
2.0451,-0.4425,-1.1405,-0.7121,0.2129,-106.7495
0.4209,0.1702,0.6687,0.5241,-0.0067,78.1526
0.6669,1.1764,-0.1208,1.2085,0.9965,74.4876
1.0693,-1.1124,-0.3392,1.6834,-0.8914,-25.3802
-1.7859,0.5249,-1.8798,1.4527,0.2157,-114.9231
1.9630,-0.0564,-0.3029,0.1576,-0.1305,-25.3850
-1.0848,-1.9065,-1.8580,0.6507,-0.9364,-191.0432
-1.5434,0.0427,-0.2229,0.4543,0.5905,24.9577
2.2264,-0.6901,-0.3081,1.4781,0.6178,45.6812
0.5143,-0.3316,-1.9290,-1.0319,-1.7557,-282.4181
1.9699,1.3401,-0.7440,0.5947,-0.2602,-58.7953
-1.3159,1.5042,-1.0713,0.5275,-0.3933,-97.2049
-0.9049,0.9844,-0.2554,1.6837,0.4240,46.7902
-0.2581,-0.4918,0.7668,0.0650,1.3057,138.5000
0.2648,0.6721,-0.3385,0.3386,-0.1921,-26.4030
1.1131,-0.0622,0.1680,1.5329,0.1614,68.2181
-0.6773,-0.5787,-0.0076,-0.7327,1.0878,36.8162
0.8534,-1.5189,0.5252,-0.1296,0.2533,59.3511
-1.6819,1.1185,0.2931,1.3115,-0.6491,33.3607
-0.0690,-1.4430,0.2042,0.3363,-0.8331,-9.8461
0.1813,0.5691,0.8175,-0.1543,0.1361,79.7585
1.8538,-1.0308,0.0909,-0.7956,0.1755,-0.4983
-0.9827,0.8224,-0.9812,-0.0764,1.0231,-36.4526
0.6938,-1.2949,1.5734,0.4033,-1.6076,77.1835
0.3165,1.1136,0.2598,-3.0097,-1.0910,-106.3273
-1.8301,-0.4005,1.0246,-2.2420,-0.3861,16.8432
-0.1477,0.9243,-0.9745,-0.5180,1.3642,-29.8974
-0.3308,-0.7505,-1.2264,-0.5093,-0.3053,-134.6497
1.4976,1.1123,-0.8521,-1.6959,0.4459,-96.1629
1.9386,-0.7754,-1.8809,-0.3263,1.0284,-122.7698
0.4190,1.0845,-0.4911,0.2365,-2.4853,-155.0793
1.0411,-0.5674,-0.4208,0.0958,1.4768,40.7629
1.6912,-1.7142,0.3538,0.3964,-0.6429,15.2251
1.1119,-0.1893,0.6140,0.7287,1.0148,127.6611
1.0804,-1.3173,-0.0178,-0.1169,2.5394,123.0562
1.0852,2.2243,1.2386,-0.5440,-0.1497,92.7976
-0.4673,0.3432,-0.0270,0.2033,1.5209,80.7379
-1.0833,0.1997,0.8382,0.3623,-0.4016,69.1319
0.7299,-0.4927,0.8360,-3.0200,-1.1898,-59.4258
0.9978,-0.4528,1.6057,0.0910,-2.2325,41.3469
0.7549,-0.0163,-0.2337,-1.1851,0.0216,-48.0480
0.2288,0.8147,0.9314,-0.2276,0.0196,82.5174
-2.4324,-0.0575,0.4413,0.5314,-0.1775,49.1169
0.1895,2.4819,-1.6008,0.1726,0.7334,-99.5388
-0.7761,-0.8958,0.0685,-0.0700,-1.0386,-42.5667
0.0053,0.0218,-0.2597,-0.2635,1.0545,25.1351
-1.1668,0.7563,0.1493,-0.4920,0.3005,18.8421
0.2764,-2.0003,0.4215,-0.8769,-0.5632,-8.7999
0.4116,-0.1302,-0.0783,1.8166,0.0542,47.9873
0.6421,0.1909,-1.2193,1.5572,-0.4433,-85.2955
1.5604,0.2375,-0.0631,-0.4820,-0.3001,-29.6853
0.9234,0.8868,-0.7821,-1.3804,0.5149,-77.7560
-0.6020,0.8927,-0.6611,-1.2812,0.5361,-63.0448
-2.6004,0.0263,0.1268,1.3789,-1.0083,2.8169
-0.8355,1.8789,-1.2033,-2.8872,1.4003,-112.7088
-0.5541,-0.1112,0.8014,-0.8458,-1.7231,-30.8457
0.8038,0.2435,1.9997,1.3550,-1.9048,126.2096
0.2718,-0.8114,-0.8651,-1.5493,-0.7593,-151.7364
0.6328,-0.1088,1.5105,-1.1797,-0.3155,92.2844
-2.4118,-0.0640,1.0830,-1.1176,0.1890,80.2674
0.3372,0.8270,0.6802,0.1955,-1.5129,-4.0376
-1.0095,-0.1679,0.3816,-0.2194,-1.0934,-21.3956
0.5055,-1.1360,0.5031,0.6372,0.1348,72.7208
-0.6078,0.8517,-0.3271,-0.9935,0.6700,-19.1100
0.8255,0.8470,1.9533,-0.6543,0.9657,208.0459
-0.0686,-2.1062,0.2900,-0.9977,-0.1538,-3.4727
-0.0869,0.2725,2.5349,-0.8072,-0.6838,176.5222
-0.5446,0.0716,0.3899,1.3285,-1.2353,13.7044
-0.9679,-0.1668,-1.2923,-0.5511,-1.8684,-218.1286
-0.1813,-0.0633,-0.0097,0.7202,0.5232,48.0958
-0.0101,0.1634,2.9168,-1.2789,-0.0097,230.6516
0.3981,-1.2117,0.3062,0.9687,-0.5181,31.5512
1.1236,0.8540,0.7620,1.4268,-0.9263,64.9620
1.0777,-2.6470,-0.1760,-0.1211,-0.6003,-44.1559
-1.5023,-0.7692,0.3156,0.5876,-0.1241,42.1525
1.7742,-0.6920,-1.6180,-0.9467,1.1271,-111.9311
-0.2388,0.8462,-0.7592,-1.3978,-0.4547,-123.4648
-0.9717,1.8840,0.3055,-1.3043,-0.7243,-38.0962
0.4847,1.0283,0.8144,-0.1045,0.6879,107.3261
-0.5749,-0.2644,-1.0066,1.0401,0.3030,-43.9539
-1.3061,0.0467,-0.2656,-0.2384,0.2685,-13.2076
0.1916,-1.1579,-1.5447,-0.0842,0.7846,-98.7171
-0.4122,0.3684,-0.5409,-0.3105,0.9960,-4.4758
0.0376,0.4676,-0.4361,0.3863,-1.6294,-104.2387
2.4619,-0.5176,-1.3892,-1.0547,0.3779,-130.1137
-0.2891,0.8728,-0.0356,0.0733,-1.3395,-62.9007
1.4147,0.1752,-0.5377,-0.8809,0.1008,-62.7491
-0.5138,0.0608,0.2272,-0.0229,2.2820,135.3980
-0.3913,0.0950,-0.0175,0.6548,0.6307,50.7259
-0.0284,-0.6209,0.6587,-1.4633,0.8519,65.4727
0.2715,-0.5245,0.1859,-1.3518,1.0772,37.6545
-0.0382,-1.2059,-1.3702,-1.0744,-0.4860,-171.3439
-0.3040,0.3224,-0.6072,-0.7630,-0.8674,-113.2553
0.4423,-0.0434,-1.9365,-0.1464,1.3692,-106.6853
0.6499,-2.2175,1.3016,-0.7228,1.7356,186.3364
0.0723,-1.1025,-0.7104,1.2493,-0.1463,-33.2502
0.0008,0.1074,-0.6128,0.5668,-0.1818,-44.6689
2.6602,0.1572,2.1002,1.6382,0.3591,253.5437
-0.5723,-0.1519,1.4732,-0.5403,0.1843,130.3224
2.1705,-0.1229,-0.2510,-0.0300,-0.4399,-41.0021
0.6669,-0.8068,1.0481,1.8042,0.1420,152.7647
-0.2679,-0.1681,0.2353,-0.2483,0.9593,65.0655
0.0576,0.5652,-0.9487,-0.3718,-1.2149,-150.0051
0.6384,0.8023,1.0268,-0.0609,0.4494,116.3591
-0.7209,1.1655,-0.3114,-0.8329,0.3690,-28.0262
1.0083,-0.2532,-0.7645,0.3327,-0.8566,-97.4730
1.1688,-1.0786,-0.5021,-1.2995,-0.9990,-124.9099
0.1664,-0.2237,0.8048,-0.1255,-0.6192,42.5323
0.0264,-3.4992,-1.2030,0.7402,-0.6761,-116.9748
-0.4326,-0.1176,0.8593,0.8551,-0.1412,96.6694
1.2467,1.3426,-1.0048,-0.1503,-0.7533,-126.6542
-1.0938,-0.6793,-0.3984,0.9964,-0.8368,-45.7115
0.9670,-1.2976,-0.8128,-0.0278,-0.5862,-98.2388
-1.0321,0.2773,-0.1530,0.2036,-0.8573,-45.9978
-0.4927,0.2458,-0.0063,-0.4050,2.3600,108.4291
0.7278,-1.6260,0.8553,-0.7060,-0.7948,23.1052
1.0900,0.7158,0.2956,0.4321,0.1319,48.1862
-0.2094,-0.8229,1.2909,0.7099,-0.7172,103.5492
-0.7702,-0.7941,0.9781,1.1886,0.7155,158.2739
-0.4923,-1.4203,-1.3930,-2.2152,0.7403,-144.0257
1.1775,-0.9479,0.3060,-0.3891,0.8996,65.0630
-0.2851,1.9868,0.9940,-0.8147,-1.3120,6.8863
0.8413,0.7131,1.1129,-1.5218,0.8405,104.1780
-0.4518,-0.6665,-0.6982,-0.2878,0.9209,-20.7868
-0.3611,0.3755,-0.4709,-1.7330,-0.1204,-90.1613
0.3520,0.2063,-0.2271,-0.5193,1.1825,27.8105
1.1615,-1.7301,-0.9037,0.1446,2.3235,40.0900
-1.1657,-0.7153,-2.4863,1.9141,0.5870,-139.3828
-1.0780,0.6112,-0.2903,1.2451,1.0602,63.1942
0.3120,1.6694,0.2738,-1.2975,1.4397,64.4911
0.6591,-0.1121,-0.3923,1.1346,-0.8793,-43.7706
-3.0992,-0.5316,0.0347,0.9167,1.3042,95.5886
-0.2390,1.8283,1.0380,-0.5003,0.7826,122.0666
0.6120,-1.4894,-1.0059,-0.5476,1.0150,-51.8702
-0.7620,-0.9092,-0.4302,0.6519,0.1861,-7.8756
-0.3301,1.6475,-0.1594,0.1561,-2.2444,-116.5418
0.6669,1.1382,-0.4828,0.4296,-1.0919,-81.1095
-0.9732,-0.3550,-0.1564,0.9887,-1.0883,-37.1944
0.5396,0.6205,0.7025,0.6863,0.2981,99.7091
-0.7418,0.7332,0.3521,0.2327,-0.8608,0.2293
-1.1184,0.5403,1.1075,-0.7630,0.0484,85.4994
-0.2915,0.1095,0.5430,-0.4300,-0.2346,29.8175
1.0698,-0.8380,-1.9522,-0.1904,1.3576,-109.9441
-0.7698,-1.5884,1.6944,0.5107,-1.8487,78.5766
-0.3990,0.8008,0.2540,-0.0004,0.3469,43.4993
-0.6569,-1.6609,1.0628,1.7033,-1.4182,75.5169
1.4774,-0.0932,-1.2265,-0.9934,1.9704,-36.4866
-0.4797,2.0702,0.3498,0.2978,0.3789,61.6723
-0.7011,-1.7290,-0.2735,-0.5970,-0.2688,-49.5401
0.9901,0.0042,0.9853,2.2182,0.2411,163.1051
-1.1556,0.1788,-1.1325,-0.8091,0.1225,-113.2361
0.7820,1.8216,1.0362,1.3065,0.5767,160.3753
0.4517,-0.1558,-1.2213,0.3348,-1.1605,-153.0657
1.2946,0.4271,-1.3122,-0.6918,-1.2358,-192.5709
1.1163,-0.2811,-0.6057,1.2806,0.3522,1.1619
-0.9882,-0.3350,-0.7036,-0.0291,0.0846,-55.8452
-1.1520,1.5591,0.8660,0.4556,-2.0253,-5.1419
-0.2608,0.2595,0.2662,0.0344,-0.3618,10.9136
0.2685,-0.3589,2.2667,0.8759,-0.2479,218.4784
0.1660,-0.4137,-0.9698,0.3248,-0.2540,-86.6396
-0.2035,1.4525,0.9139,0.3277,1.3624,161.6645
1.5114,-1.3360,-0.7504,1.5277,0.3241,-6.4174
2.4486,0.2040,0.9522,-0.2935,0.5967,111.2247
-2.3892,1.4007,0.3095,-0.8080,-0.6176,-19.6199
-1.1080,-0.1232,-0.0325,-0.4830,0.1367,-5.5970
-0.8473,1.7231,1.3800,0.2273,-1.7710,46.9004
-1.0232,0.4651,0.4577,0.1468,-1.0263,-1.3174
-0.1217,0.2276,-0.8124,-0.6121,-0.5500,-111.4558
-0.2902,-0.3202,0.3672,-1.5737,-0.7599,-42.0832
0.1456,1.4926,-0.3228,0.2009,0.2172,-9.3905
-0.9519,0.4296,1.6093,-0.4003,0.9051,181.8231
-0.2615,0.5861,0.0311,1.0827,0.4478,57.9137
-1.3158,1.1074,-0.4620,-1.1071,-0.2505,-79.4116
0.1020,0.7819,-0.4038,1.1731,-1.0234,-51.0023
-0.5102,-0.9691,0.2977,-1.3831,0.3554,11.0287
-0.9061,1.0605,0.9638,-1.6207,0.5816,75.2961
0.1017,0.4136,-1.2130,-0.8463,-0.0387,-128.8839
0.2870,0.5179,-0.6317,0.3511,-1.1573,-100.1187
-0.0124,0.1812,0.0286,-1.2464,0.6091,2.9632
-0.1042,-0.5195,-0.0052,0.4979,-0.4620,-6.1065
0.0812,-1.4117,0.5240,-0.2368,0.8541,86.2941
-0.6266,-0.7804,-1.6563,-0.3693,-1.9584,-250.1087
-0.9060,-0.5176,0.9514,-0.9223,1.9231,158.6228
0.3232,-2.0803,-0.0401,-0.5792,-1.6986,-98.1904
0.4933,-0.1471,-0.7124,-0.0117,1.0769,-7.4427
0.2867,-0.6888,1.3277,1.8631,0.5489,199.3812
-0.3201,2.4302,0.5774,-1.3295,-0.5183,-4.4392
0.2508,1.7287,0.9150,-0.2926,0.3869,97.3708
0.2161,0.5753,-1.0054,-0.8189,-0.4126,-128.1169
-0.4718,-2.5805,-1.5675,-2.2421,1.2474,-135.9197
1.0254,0.6078,-0.0236,-0.2305,0.2079,5.7670
0.4353,-0.1144,1.6776,0.4965,-0.3967,147.7820
-0.7305,0.5551,-0.4296,1.9339,1.1328,72.4561
0.3485,-1.2267,0.8093,-0.6476,0.8368,100.3940
-1.1814,1.1474,-2.1035,-0.0669,0.6751,-153.0469
0.0099,0.2057,2.0020,-0.5640,-0.5856,139.7296
-1.5360,-0.2595,0.4661,-0.6440,-0.4470,6.0730
0.1744,-0.5976,-1.0989,-0.4095,-1.2275,-165.6941
2.1913,-1.1538,0.0841,1.9751,-1.0007,15.0819
-0.4823,0.2536,-0.9873,2.2540,-1.5254,-98.7963
-1.1467,0.0889,-1.0424,-1.1650,-0.5496,-147.3022
-0.1294,1.0264,-0.8294,1.0724,0.5795,-13.6031
-1.4130,-0.2634,0.3645,-0.2971,-0.5194,2.8261
-0.3781,1.5773,2.4538,1.3068,0.8700,300.9890
-0.2599,-0.1755,-0.4253,-1.0885,2.3512,51.9065
-0.1752,0.3927,-0.3107,-0.6624,-0.2004,-51.3717
-0.0800,0.6125,1.1824,0.4794,1.2277,182.4756
0.6267,-0.4199,0.7340,0.2447,0.9904,124.6674
0.6513,-1.7848,-0.1381,1.3380,-0.9215,-17.5950
0.2167,-2.0964,-0.2355,-1.1526,0.1848,-38.7622
0.7289,-0.1800,0.8860,-2.3560,-0.1102,14.9981
-0.1811,0.1791,2.1735,-0.7293,0.4618,201.8769
-0.0737,-1.5095,0.9135,0.7777,0.6445,138.6416
0.1629,0.8212,0.1586,-1.1465,-0.4214,-32.9154
-1.3837,-1.2742,-0.9534,1.3518,-0.8832,-89.0264
-0.4824,-0.5063,-0.7488,-0.3981,-0.4723,-96.5363
-1.2052,0.7886,1.0498,0.1161,0.8674,143.5880
0.7220,0.0126,0.7189,-0.1357,-1.0870,11.1218
-1.1210,-1.8464,1.5197,1.1003,0.5020,194.0779
0.1346,0.6574,-0.0751,-0.2412,1.0061,39.9171
0.7536,-0.4351,-0.7655,0.8250,-0.9756,-90.0923
0.9475,0.4344,-0.8050,1.0127,0.3396,-24.5830
-0.9308,-1.9084,0.5492,-0.8932,-0.6458,-2.5185
-0.5514,0.2765,2.3188,-0.9554,-0.8740,143.3811
0.6859,-0.4002,1.5155,0.0854,1.3750,209.4035
-0.6763,-1.4126,0.8071,-1.0192,1.7177,133.3951
1.5300,-0.0960,1.0800,-0.3043,-0.0975,87.6638
-1.3781,-0.5822,0.4114,-0.9325,-0.6835,-17.7060
-2.5944,-1.9343,2.3071,0.3509,-0.5105,195.3348
0.6469,2.6547,2.2855,0.1131,-0.0604,209.0140
0.2964,0.4106,-0.7120,0.3765,-1.5852,-126.9883
-1.2321,-1.3121,-0.0729,0.9093,-1.3536,-44.6054
-1.3069,1.9045,0.5272,-0.4251,1.2050,99.0623
1.0519,-0.5707,0.6361,2.1778,-0.1926,109.6363
0.8038,0.4529,-0.5010,1.5386,0.4322,21.3609
1.5793,-0.2682,1.3163,1.1549,0.1635,161.1345
0.8557,-0.0670,-0.1265,0.4805,-0.1009,0.4417
-1.8527,-0.2179,-1.9924,-0.8752,-1.2354,-258.5767
-0.8970,1.2835,0.8462,-0.4393,0.3249,83.7375
-1.5441,-1.9904,0.5318,1.4045,-1.4177,20.2125
0.6430,-0.8779,0.1751,-0.5355,0.7064,39.6826
-1.0499,-0.3005,-0.6101,0.2732,0.4152,-23.1042
0.6831,0.6018,0.4496,0.8110,0.5870,94.6246
-0.1335,0.9174,-0.2137,0.6342,0.6889,35.0697
0.5954,1.0194,-1.1021,-0.1837,2.1217,3.9909
-0.1642,-0.6686,-0.1584,-0.8930,0.7031,0.4872
0.2079,-0.3392,-0.3874,-0.1513,-1.8148,-123.3983
-0.8308,0.8377,0.3252,-0.0777,-1.2063,-27.9073
-0.0335,-0.1692,0.4317,0.7276,-0.0756,58.5653
1.5348,1.7566,1.4281,-0.2063,-0.1720,117.6490
-0.6987,-1.0764,-0.7795,-0.8019,0.9179,-42.4781
-0.8383,-1.0485,0.6082,-0.9336,0.6266,63.8124
1.1664,0.8614,-0.7212,-1.4434,0.2094,-89.1479
-2.5720,0.5741,-0.3318,-0.5049,0.4545,-17.2650
-1.4348,1.0123,0.0280,-0.3819,-0.0891,-8.3143
0.1556,1.2866,1.7449,0.8979,-1.2959,121.3301
-0.4163,0.5043,1.0486,-0.3866,-0.2066,77.7674
-0.2012,-0.6815,1.1763,-1.2009,-0.3873,58.8924
-0.3091,-0.2763,-0.3974,1.7880,-1.3409,-49.5299
0.7080,-0.8136,-0.8253,-0.7065,-0.3730,-106.7746
0.9672,0.8152,0.4850,-1.0667,-0.0011,18.3090
-0.0146,-0.7041,-0.8976,0.1574,1.4416,-1.7549
-0.1173,0.0407,-0.2767,-0.0955,0.6435,8.1648
0.9173,0.4066,-1.8000,-0.3634,1.3238,-102.3017
-0.9203,1.5329,1.0544,0.8710,-1.0505,70.5277
-0.1844,-0.3484,-0.8805,-0.0194,1.1784,-17.6176
1.5351,-0.4605,-0.6428,-0.4898,-1.5785,-143.6292
0.2739,1.2242,-0.7457,0.4836,-1.6383,-130.5033
-0.9745,0.5991,-1.4098,0.5753,1.1500,-50.8592
2.4289,1.1841,-0.3348,2.9319,0.0558,55.0929
0.4141,1.2930,-1.0281,-0.2337,-0.7173,-129.8867
0.5535,2.1495,1.5853,-0.1775,-0.1525,133.4823
-0.2951,-0.9371,1.1634,1.3412,-0.6230,113.5217
-0.6160,-2.5319,-1.2734,0.4896,1.6863,-14.5363
-0.0089,2.0943,-1.4167,-0.8372,-0.0127,-145.7962
1.3398,0.9371,0.0079,-0.7789,-1.0056,-64.8969
-2.6200,-1.0655,-1.5207,0.8188,-1.2444,-171.3010
0.2704,2.0703,-0.2441,-0.3369,1.1294,28.1888
-1.0370,0.9658,-0.6653,0.0249,0.0258,-53.3762
0.0794,-0.4159,-0.1542,0.5437,1.0813,57.5897
1.6625,0.3493,0.0589,-1.6922,1.0533,15.6411
-0.5279,1.0059,-0.3297,-2.3833,0.9302,-43.5993
0.5877,1.3283,-0.3986,1.2612,0.3707,20.0577
-0.7956,-2.2971,0.5742,-1.0979,0.2315,37.5285
-0.4163,0.6922,-0.2895,1.7485,0.4507,46.6183
1.4162,0.7451,0.7591,0.5294,-0.3225,70.2584
-0.6380,1.1786,-1.4460,0.4986,-1.6198,-191.5681
-1.0663,-1.7654,-0.4325,-0.0588,0.5702,-8.8005
1.0981,-1.1355,0.7128,0.6585,0.6698,118.0387
0.3176,0.8881,-0.0413,0.3648,-0.2777,-3.3210
-1.2606,-0.4661,-1.2382,2.0396,-0.0990,-57.2278
1.9824,-0.2142,0.2164,-0.7961,1.2787,64.6366
2.1182,0.5598,-0.2003,-1.6656,-1.2950,-121.6918
1.5788,-0.2507,0.6738,-1.4558,-0.2668,12.4251
1.4886,1.6412,0.6951,-0.1254,0.8264,103.5992
0.7744,1.6893,0.1504,-0.5093,1.8947,96.6674
-0.0320,-0.3061,0.7254,1.3490,-0.0138,104.6366
0.7016,0.7899,0.0060,1.2752,0.2642,51.6304
1.0371,0.1502,-0.4511,0.2367,2.1077,72.7944
0.3313,0.2086,1.2206,-0.2739,-0.4977,81.9577
-0.2930,-0.1666,1.2794,-0.4526,-1.0223,56.3620
0.0229,1.3073,3.7876,0.3353,-0.4599,330.0437
0.5248,-0.2536,0.8417,-0.3807,-1.0279,19.1121
-1.4718,-1.0541,0.0254,-0.9663,-0.8601,-61.5098
0.2705,0.6589,0.6126,0.9783,-1.5343,9.8804
-0.9204,-0.1858,-0.6604,1.1736,1.1380,31.4904
0.3463,0.7953,-0.4851,1.7285,3.8647,195.5805
-0.2069,0.0784,0.0669,0.4534,0.6912,55.9648
1.8849,-1.5754,-0.0628,1.4808,0.3602,55.1904
0.4015,-0.3444,-1.4127,1.1674,-0.1588,-99.2104
0.9035,1.5409,1.2200,-0.0775,0.4720,134.5618
-1.2839,1.0976,-1.5654,-0.9322,0.4374,-139.9614
1.5752,-0.1773,-1.5402,-0.3653,-0.2512,-156.6066
0.4439,0.6889,-0.3673,0.2283,1.5102,50.8626
-0.3230,0.6719,2.5109,0.5587,1.0827,297.3123
0.8675,1.3194,2.3960,0.6592,-0.6345,205.0962
-1.5499,-1.8695,-1.7296,-0.0919,-0.7215,-188.5887
-1.2458,-0.1373,0.6804,-1.9387,1.8716,104.4645
0.0083,-1.3936,-0.6416,-0.2699,0.1805,-51.2647
-0.7143,-0.9251,2.1135,-1.4321,1.6903,237.7302
0.6983,-0.5684,-0.4460,0.3026,-1.6774,-109.9991
-0.2392,-0.1149,-1.5520,0.4442,-0.6691,-155.8711
0.7784,-0.2575,-0.7574,1.5938,0.6207,9.0126
1.7762,0.4729,-0.0115,-0.4372,-0.9169,-53.4070
2.0768,-1.3495,-0.6916,-0.0225,-0.0361,-60.5052
0.7400,0.1539,-1.3132,0.4096,-1.0530,-154.4566
-1.9295,-0.5242,-0.0617,-0.4471,0.5826,15.2677
0.0040,-1.0490,-0.8445,0.4901,0.0686,-55.1447
-0.7669,0.4397,1.2467,0.5031,-0.3066,114.6518
-0.6257,0.2435,1.2536,-0.5548,0.4272,122.3387
0.0721,-1.6989,0.6304,-0.7983,-0.4717,15.7854
-0.1261,-0.6561,1.4410,-0.5725,0.1927,127.6951
0.2373,-0.5456,-0.5751,0.8432,0.4867,-1.3815
1.3523,-1.6954,0.2586,1.2552,1.6004,138.9709
0.0818,0.5105,-0.9632,-0.3509,-0.5353,-117.4404
-1.2325,0.2279,-0.6450,-1.8394,-0.6846,-135.5530
-0.9463,-0.1020,1.4653,-0.3666,0.5809,153.7886
-1.1546,1.1018,-2.1355,-0.2005,0.2284,-181.6659
1.3733,-1.3466,0.3954,-0.6606,1.0690,74.4295
1.9810,1.3426,1.7760,0.7656,-0.7953,145.0248
-0.6021,1.0771,1.2412,0.3478,-0.2512,112.0711
0.9497,-0.3458,-0.4710,0.0285,0.0134,-36.6760
-0.1658,-1.5717,-0.9324,0.6216,-0.2777,-76.1006
0.3631,-0.0104,0.0061,0.7428,0.8684,66.8485
1.2643,0.1553,-0.5908,1.5741,0.2471,4.7677
0.3577,-0.0036,-1.3893,-0.1608,-0.5775,-153.0256
0.4244,-0.1000,0.2853,1.4738,-0.2531,57.3226
0.6471,0.1616,0.1368,0.2506,-0.8012,-16.4692
-0.7108,0.6588,1.3533,0.0545,-0.7285,90.8065
-0.1300,1.5801,-0.4942,1.9169,0.2416,22.5703
0.0269,0.2831,0.3096,1.9028,-1.3148,17.6779
1.5516,-1.0698,-0.7782,0.7342,1.8440,43.5208
0.1752,1.7482,-1.0106,0.2007,0.0663,-78.2453
-0.4937,1.6624,-2.0490,-0.4957,0.0214,-191.6294
-0.9632,0.8885,0.7306,0.4591,2.1092,184.8569
0.4385,-0.8689,1.2257,-0.4238,1.7016,185.6713
-0.2259,1.8551,0.4910,0.3982,1.7450,143.5727
-1.2102,0.8561,0.1416,-0.5257,-0.1869,-6.5661
0.2391,-0.6354,0.0645,0.6188,0.0230,27.1647
-0.1712,1.6635,-0.0768,-2.0448,1.2271,2.3174
0.0406,0.5285,-1.2117,-1.3545,-0.7100,-175.3713
-0.8085,1.5515,1.6831,-0.2140,-0.9892,101.0596
0.7081,-0.4703,0.0350,-0.2993,-0.8635,-43.3437
1.2383,2.4769,1.1361,-0.0918,1.5672,179.9090
-0.0464,0.9745,0.1655,0.0058,-0.1783,10.3506
-0.1340,-1.0016,-1.5770,0.5723,1.6925,-39.5646
-1.6854,1.0088,-0.2483,0.9605,-0.5641,-20.2517
0.1587,0.8942,0.1074,-0.3225,0.1084,10.1945
-0.7227,0.4464,0.3485,0.3732,-0.6136,15.2179
0.4614,0.3164,1.3316,0.6664,-1.0042,92.4367
1.2799,-0.6008,0.0949,-0.1896,0.9115,51.1679
0.8792,-2.1831,-0.4187,-0.4634,0.9224,-0.5892
0.3813,-0.0447,-0.7110,0.5180,-1.4622,-117.1471
-0.8369,-0.7786,0.3818,-0.6370,1.1777,79.0803
-0.8642,-0.1382,-0.1837,0.0063,1.3980,55.9996
-1.6683,-0.2429,-0.8950,1.0283,-0.5340,-74.5544
0.6997,0.4813,-0.3372,-1.1687,1.5823,20.0155
-0.1353,0.1295,-2.0951,0.1546,-0.4757,-202.9636
-0.1086,-0.3232,-0.2261,1.0393,-0.4722,-11.4282
-0.4993,1.7158,-0.0310,0.0049,0.2103,11.9596
0.5203,-0.9787,-0.2067,1.8029,-1.1605,-23.2726
-1.8407,0.2207,1.7266,0.5456,0.0885,177.9035
-0.7460,-1.1352,0.1217,-0.0285,-0.0609,11.0428
-1.0869,-0.0631,0.3600,0.0808,-0.8999,-5.0140
-0.2209,-0.0170,0.5189,-2.3781,-1.8989,-105.8704
0.0490,0.7221,-0.3145,0.5709,0.6300,22.1918
0.6959,-1.5269,0.5958,-1.6965,-0.5761,-15.5463
-1.1422,0.0138,-0.0136,-0.6155,0.4357,7.6741
-0.2284,-0.1060,1.0802,-1.2531,1.6348,146.7445
1.6040,0.0674,0.4534,0.1976,0.4278,70.9546
0.8978,-1.1021,1.8693,-1.0700,1.4017,210.9543
-0.1241,0.4970,0.3406,-0.0725,0.9022,76.8704
-0.0580,1.1422,-0.6415,1.0213,0.4360,-5.2715
-1.6538,0.2077,0.1821,-1.1947,0.2538,0.0502
-0.3896,-0.0191,0.7743,0.8937,-0.5841,68.6486
0.0974,-1.4889,-0.2041,-0.1302,1.2573,43.5978
-0.1364,-0.9811,1.5713,-0.0002,-0.3397,127.9776
-0.1519,0.0978,0.7297,-0.9168,-0.1058,39.5882
0.7561,-0.2639,0.7762,0.1020,1.5914,154.3201
0.0218,0.6239,0.6904,-0.7825,-0.3222,29.2913
-0.2971,0.9753,0.8662,0.1212,-0.0772,80.4537
-0.5009,0.5496,-0.9232,-0.3318,-0.7822,-125.3901
-0.0119,0.4090,-0.3574,-1.0510,-0.5126,-81.0911
0.2703,-0.0715,1.1295,0.4726,0.8662,160.4123
0.2989,0.3267,-1.3867,0.6267,0.0455,-100.9570
-0.9893,0.6252,0.3959,0.4542,-0.3691,33.3977
0.1810,1.1636,-0.5870,-0.5285,-1.5984,-140.9704
-1.6109,2.3507,0.5029,-0.4787,2.0812,138.4115
-0.1696,1.3728,0.0781,0.7378,0.0518,32.9522
0.4874,-1.0382,-0.0774,0.1826,-0.6751,-31.0734
2.7711,1.9960,0.1790,-1.1363,-2.6002,-137.3281
-0.3336,0.1376,-0.5950,-1.4172,-1.3708,-154.3216
-1.6711,-0.7661,0.2142,-1.0386,0.0887,-0.6902
1.5865,-0.2757,-1.1599,-0.0740,-1.0285,-152.7325
0.6362,-1.4959,1.1052,-0.1676,0.5166,124.3618
0.6435,-1.6397,0.9447,-0.4182,0.6052,107.2469
1.4758,0.3045,0.4487,1.7664,0.1207,97.1562
-0.7383,-0.1934,-0.1652,0.9567,0.9567,61.1286
-0.3720,0.1013,-1.1197,0.2078,0.4098,-70.5099
-0.5039,0.0331,-0.3610,0.7953,0.7427,29.9640
0.4350,1.7356,-0.4764,0.7297,0.0124,-18.7101
0.9833,0.8943,-0.3696,-0.7864,-0.2083,-59.7549
1.1610,-0.7913,-1.8202,1.1612,-2.0606,-228.4652
0.7782,-1.0251,0.1989,-1.7038,0.7267,12.5694
0.3332,0.2754,-0.7482,-0.9744,-1.7017,-172.2833
0.7025,-1.0353,-0.8226,-0.8638,-0.9841,-141.2220
0.9560,0.0442,-0.1249,-0.5990,0.3282,-7.2452
0.2678,-2.0709,0.1982,0.5662,-1.3533,-28.8908
0.4674,-0.8701,-0.6250,-1.5510,-1.8934,-185.7382
-0.5188,0.7735,-0.5157,2.1034,0.5020,38.8301
-1.0269,-0.1934,0.4239,0.0650,-0.2504,31.6071
0.4732,-0.2256,0.6427,-0.5170,-0.1619,39.7961
1.6402,-1.5677,-0.1068,-1.0391,0.5837,-4.2410
-0.2478,-0.5193,-0.1996,-0.7062,0.2392,-21.1520
0.8036,-0.8634,1.3770,-1.9123,-0.4659,53.9224
-0.9970,1.1018,1.0687,0.8251,1.2347,182.6029
1.4611,0.6634,1.5211,0.1540,-0.4313,122.9682
1.8201,0.5522,1.2433,-0.8410,-0.7394,57.2485
1.1764,0.8597,-0.1312,0.3968,0.4697,26.0288
-1.2109,0.2313,0.4753,0.3263,-0.8244,15.0046
-0.6541,-1.7141,0.6244,-0.0399,0.2415,70.6582
-0.1904,2.0278,0.7975,0.3475,-0.0282,83.2309
-1.1003,-0.0217,-0.0458,-0.0889,0.4463,19.3487
-0.2072,0.3729,-0.6091,0.9923,-2.2378,-133.2339
-0.1543,-2.7902,-0.5136,1.0074,0.3143,0.2812
-0.9855,-0.2638,0.0500,1.6219,0.0540,54.1709
0.4307,0.5368,0.0595,0.6958,0.2235,38.7827
-0.4880,-0.8120,2.1049,1.1984,0.3180,240.2654
1.2477,-0.0953,-0.2370,-0.2604,0.1742,-15.8339
-0.6065,0.4399,0.0919,-1.0640,0.2873,-1.8610
-1.4613,0.0152,-0.0906,0.2976,-0.5312,-22.6905
-0.1056,-1.9512,-0.2312,-0.0029,2.0306,82.3849
-0.1330,1.6737,-1.0951,0.0525,0.0929,-88.1433
-0.5103,-0.1809,0.9016,-0.1746,-0.8793,37.6129
-0.7589,0.2116,0.9479,-1.4095,0.9032,95.1608
0.2121,-1.1006,0.3382,0.1559,-0.9945,-9.9394
-0.4035,1.1597,0.5331,0.7851,-1.1735,15.5176
-1.3366,-1.1880,-1.0874,-1.5089,-0.0986,-138.5092
1.2381,-0.5384,0.2548,-1.4070,-0.7916,-49.6603
0.4843,-0.3888,-1.0757,-0.2207,1.1711,-40.9672
-0.4407,-0.9162,-0.3970,0.8800,0.2168,2.3007
1.9551,-0.9545,-0.9737,-0.1658,0.5408,-61.1332
-0.2442,-1.8970,-1.5698,-0.6644,1.3157,-89.7122
0.9754,1.5835,-0.3235,-0.3446,1.2384,26.5469
1.1267,-0.6168,0.0278,0.8810,-1.3144,-34.6612
-0.0861,-0.2631,0.3724,-1.0529,1.3206,73.5854
0.5461,-0.2861,-0.6448,1.2337,-1.3118,-85.1817
0.2113,0.4495,-1.1223,-0.6829,0.9283,-68.9130
-0.4812,0.0186,-1.3191,0.4207,1.2504,-42.1552
1.2138,-1.1045,0.4223,-0.0487,-1.3431,-24.9544
1.3681,0.7653,-0.0935,0.3237,-0.2637,-8.8715
1.2910,0.5875,-0.3599,1.0149,-1.6800,-83.5045
0.2453,0.8450,-0.8783,-0.5189,-0.2871,-102.9189
1.8527,0.5122,-0.4944,-0.5925,1.5662,20.3086
1.1110,0.4262,-0.5661,-0.2874,-0.0503,-56.8968
-0.3493,-1.6823,-1.1922,-1.2189,0.0500,-133.2311
0.9014,0.5688,-0.9959,-1.3588,-0.6720,-154.1531
1.4339,-0.5783,-0.1062,-0.3065,-0.6653,-46.0748
-0.1533,0.0377,0.0963,0.5325,0.2911,41.4015
-1.9009,-0.7214,0.9192,-0.7905,0.3615,82.8290
0.3839,-1.3460,0.9466,-1.9842,-0.5947,7.6322
0.1447,0.8468,0.0139,1.3583,-0.1891,32.7726
0.4324,1.7877,1.2662,2.7092,0.0378,191.4665
0.3826,-0.1527,-1.7681,-1.7651,0.4308,-180.2755
-0.6251,-1.2294,-0.4211,-0.5920,1.0533,2.0615
-0.3053,-0.1999,0.6379,-1.3182,-2.2619,-84.7041
-0.9213,0.4060,0.4983,1.0065,0.4719,98.9466
-1.1502,0.2970,-0.7332,-0.3753,-1.6945,-154.1811
-0.2817,1.2893,-0.0643,-0.2153,-0.5823,-35.6124
-0.9463,2.3576,-0.5664,1.1051,-0.0871,-21.0487
-0.2671,0.3984,-0.8836,-0.5223,-0.6121,-118.4125
-0.7543,1.9042,0.9740,0.5195,1.1282,159.5286
2.5331,1.5165,0.9421,1.3389,-0.8055,84.3975
-1.0766,-0.9351,-0.1307,0.2395,0.4564,20.7569
0.8185,-0.5719,-0.2015,-1.2161,0.6793,-13.6123
-0.4139,-1.2966,1.3717,-2.7142,0.7600,91.7778
0.1065,-1.2311,1.1739,3.0157,0.1308,195.5266
0.3280,-1.3902,-0.3911,-0.4435,-0.0921,-47.5052
-0.1611,-0.5326,-1.5596,-0.6016,0.9363,-106.2055
-0.2017,-0.0732,0.0260,-0.7324,-0.9448,-59.0617
1.6423,-0.1446,0.5761,-0.5230,0.9265,87.4408
0.4404,0.8508,-0.8129,-0.5694,2.4133,33.7546
-0.1764,0.0641,-0.0988,-0.7634,-0.0041,-25.2995
0.9140,-0.3713,-0.3260,1.9702,0.3240,43.0323
0.6017,-0.3458,0.1363,-0.7266,-1.3572,-69.5815
0.3439,0.4284,1.0948,0.1938,0.7739,145.0388
-0.0689,-0.4738,-1.9083,0.5831,-0.6909,-184.8565
0.6719,0.0353,1.2695,1.1388,0.5995,177.1959
-0.3007,-1.1182,2.5868,-0.2296,1.0114,278.9178
-1.0796,-0.1951,0.1479,-1.0477,-0.0563,-13.4386
-0.5289,-1.4002,-0.3180,0.7384,-1.1363,-60.1349
0.2115,1.7215,-0.0828,-1.6382,-1.0597,-99.2855
-0.3484,0.1897,-1.4125,-0.5067,0.9574,-89.1029
-1.2728,-0.6968,-1.6776,-1.2371,1.3477,-112.6772
-1.5153,1.7936,0.0001,-1.1310,0.8148,13.4521
0.0312,-0.1653,-0.9785,0.1248,-0.5375,-106.4047
0.5553,0.5874,0.0471,0.0998,-2.0242,-88.6668
-1.7833,-0.9455,0.3104,1.0158,-1.9086,-34.0718
-0.3890,1.0699,0.1836,-0.3477,1.2424,71.9465
-0.5106,1.0495,-1.7402,-1.1529,-0.0071,-183.3606
0.7319,-1.3302,-1.0917,-0.5803,-1.2637,-171.3513
-0.4313,0.9642,-0.6180,-0.1946,1.0870,-3.5748
0.3226,-0.9300,-0.0735,-1.3431,-0.1449,-44.5667
-0.2093,1.0259,1.2644,-0.1675,-0.0489,110.4117
-0.8934,0.3237,-0.3564,2.4014,-1.5459,-39.6146
-0.0715,0.7736,-0.3165,-1.1080,1.1279,1.3605
1.1514,-0.5060,0.0254,-0.8535,2.5921,110.1259
-0.3771,1.2774,1.9230,0.4031,0.1096,192.3993
-0.7208,-0.8588,-0.7533,-0.3626,-1.9268,-166.6044
-1.5338,0.2356,0.2925,-0.1942,0.3452,42.5121
-0.2267,-1.7346,0.6104,0.4846,0.4214,92.7622
0.4611,-0.8120,-1.8772,-1.1342,0.4252,-173.6626
0.0485,-0.7286,1.1916,-0.0084,-1.5977,32.6914
-0.0328,-0.4909,0.5007,1.3501,2.1428,190.0699
-0.4992,0.0333,-2.4300,-1.1719,-1.0656,-297.1015
0.9870,1.5959,0.7918,0.3940,1.3102,149.7871
-1.7451,-0.4077,0.5784,0.6847,1.7188,158.0267
-1.0315,-0.2922,-1.6444,-0.0101,-0.1678,-151.7481
-0.7346,0.1178,-0.1681,-0.8035,0.5735,-4.2464
0.1749,-1.8797,-0.0366,-1.2317,-1.0963,-85.6608
0.2054,-0.1512,-0.5812,0.5510,0.4989,-8.6336
-0.7151,1.4876,1.1086,1.1095,1.9948,230.1471
-2.6445,-0.0509,0.1933,1.4585,1.4235,130.3232
-0.5552,-1.1329,0.5482,-0.4027,1.2475,103.8112
-0.7449,1.2924,-1.6617,-0.2974,0.2482,-140.6323
-1.2064,-0.7187,0.2042,0.4072,0.8365,74.3144
0.3046,1.2896,1.0558,-0.6163,0.6674,114.3486
0.1223,0.7334,0.5903,0.5419,0.6665,103.8437
-0.5901,0.7353,-0.5404,-1.3474,1.5427,-4.7662
-0.2986,0.9354,0.8136,1.2305,0.7465,146.5075
-0.0321,-0.1560,0.8633,-2.6388,-0.6710,-21.9515
-0.1922,0.1318,0.7509,-1.8252,0.0569,25.1846
-0.2624,-0.7190,-0.0607,1.7289,0.7951,83.5025
1.0672,0.8730,0.0929,-0.2956,-0.7254,-30.7315
2.0688,1.1270,-1.5659,0.8311,0.6661,-81.7280
-1.0989,-0.4872,-0.4105,1.1573,-1.7469,-87.2814
0.7488,-1.4899,-0.8335,0.5193,0.9736,-9.0042
-0.5768,0.5607,0.4564,0.4959,0.1875,67.2539
-0.2341,-1.5048,1.0921,-1.3441,-0.3534,48.7331
0.5879,-1.3529,2.3769,0.9701,1.3250,307.6745
1.6142,0.2575,-1.0688,1.0866,-1.1111,-116.9250
1.7354,-1.9105,0.0704,-0.6881,3.4627,161.0450
-2.8099,0.2217,1.3738,-0.6061,-1.7255,26.4440
-0.4466,0.5601,-1.0865,0.8017,-0.5659,-99.8174
0.1468,0.6230,0.7873,-0.9922,0.6687,80.8532
-1.5069,-0.9510,-0.6225,0.4731,0.4416,-17.8844
0.2063,-0.9581,-0.0640,0.6564,0.0064,16.3682
1.0579,0.1681,-0.2518,-0.2319,2.0431,74.9605
-0.3264,-1.2354,-1.3064,-0.3244,0.0347,-120.1198
0.2699,-0.4112,0.7045,0.3535,0.1876,85.5390
0.7229,-0.0205,-0.0730,-0.9099,0.0544,-24.1614
0.3493,-0.0063,1.5994,-0.3955,0.9941,185.4897
0.2424,-1.0218,-0.1484,0.4080,0.8527,43.8627
-0.4781,-0.6677,-1.0022,-0.4360,-0.6808,-130.3533
-0.6331,1.6063,-0.5112,-1.6685,-1.0633,-138.0724
-0.7786,-1.1000,-0.6770,-1.2380,-0.9975,-138.7948
-1.2995,1.0074,-0.2166,-1.1173,0.5029,-20.4610
1.2138,0.2394,-0.6907,-0.7685,-0.6420,-109.5527
0.0036,0.4882,-0.9716,1.5850,-0.7394,-77.2788
-0.2510,-0.9954,0.9205,-0.5587,-0.9489,24.9052
0.8104,-1.2151,-0.1206,0.5384,0.2223,18.6164
-0.9037,-2.0882,0.5552,1.7390,-2.0145,1.8924
-0.3605,0.3431,1.5055,-0.6778,0.3447,137.6643
0.9278,-0.3982,-0.6777,0.6741,-0.2751,-52.4456
0.7169,0.9290,0.7148,-0.3008,-1.7972,-28.1460
-1.6652,-0.0580,-0.3788,0.8818,0.6618,26.7436
0.9132,0.1263,-1.2289,2.0982,1.4185,18.2818
0.0153,0.3250,1.4283,-1.7701,0.6916,118.5260
0.4929,-1.0712,-0.6967,0.7292,-0.1788,-47.8091
-0.0682,-0.4889,0.1205,-0.7440,0.2838,9.0444
0.2184,-0.4586,-0.6455,0.1105,0.7787,-13.4949
0.3067,0.4722,1.0436,2.0745,0.4603,175.6125
0.0770,-0.2782,-0.0488,-2.1658,0.2140,-48.0370
-1.3996,1.0202,1.8707,0.3886,-0.9392,136.1001
1.1614,1.5105,-0.8974,0.5816,0.4751,-37.2694
1.1101,0.5816,1.2677,-1.2695,1.0796,136.1146
0.9309,1.7327,-1.6817,-0.0402,2.3005,-35.3221
-2.0763,1.0177,0.1039,-1.5528,0.2082,-17.9825
0.5000,-0.2310,2.8001,0.5425,-0.6501,237.4185
1.8427,-1.4792,0.7388,-0.5153,0.7800,94.6623
2.2057,-0.5572,-0.2108,0.6042,1.1139,56.3034
-1.5750,1.3897,-0.1303,0.9830,-0.6390,-12.6450
0.6763,0.3439,1.5127,0.4601,0.5870,180.2393
0.4368,1.1885,-0.0382,0.3633,-0.8738,-32.2113
0.2204,-1.1987,-0.7708,-0.9094,-1.9695,-185.6815
0.9301,-1.3727,-0.6187,-0.2730,0.2208,-47.8797
0.5531,-1.5928,-0.1003,-0.0435,-0.0209,-7.2922
1.2411,-0.4127,-0.3474,2.0933,0.6710,61.3322
-1.9569,-0.0926,-1.5989,0.3833,-0.9939,-177.5327
0.8066,2.0921,-0.7172,0.7180,0.3922,-21.9497
0.1196,-1.5776,0.5491,0.3301,-0.7023,28.3916
0.3825,-1.5839,-0.9977,-0.2945,-0.9973,-142.0875
-0.2872,-0.3781,0.6631,1.2865,-0.9714,50.4322
-0.3502,-0.0970,-0.3268,1.2936,-0.1776,1.0451
0.2049,-0.4510,-1.2584,0.0106,0.8152,-68.8695
1.6466,0.7517,-0.8363,-1.0508,-0.9641,-145.8945
0.0119,-0.2940,-0.3977,-1.2616,-1.7627,-151.2019
1.1518,-4.1216,-2.1682,-0.4351,-0.4848,-225.8110
0.9518,0.1733,-0.3954,-2.6414,1.5525,-25.7174
1.0169,-3.1664,-0.2600,-1.0303,-2.2193,-155.0200
1.1087,-1.4866,1.1121,0.0346,-0.0273,102.8212
0.7286,-1.4078,0.1142,1.2204,0.0001,46.7829
0.2384,-1.1403,0.5524,-0.6203,-1.2477,-24.0197
-0.5462,-2.5888,-1.9528,-0.8522,-0.5641,-221.5313
0.0407,-0.4332,-0.9848,-1.5595,-0.9595,-172.9954
-1.3083,-0.1753,-1.2103,-0.4938,-0.6731,-150.7890
1.2254,1.2967,-0.9537,-0.6438,-1.5851,-176.4210
-0.7753,0.1130,0.0891,1.5345,1.6118,131.3847
-2.3688,0.1755,-0.7971,-1.1936,0.7122,-64.8791
-0.4052,-0.8338,-1.1311,2.3310,-0.0479,-37.7225
1.7031,-0.2139,-0.9913,-1.2347,0.0479,-115.9252
0.5908,-2.1229,-0.9229,-0.0367,0.2476,-67.1577
-0.8113,-1.0577,-1.1141,-0.7256,0.1474,-108.4734
0.6484,1.0854,0.8406,-0.1196,0.1955,86.0907
-0.8799,-0.3382,1.4504,-1.2759,-0.3684,81.7603
-0.3173,0.8664,1.6808,0.1545,1.9958,256.1761
1.3337,-0.8251,-2.6515,0.3392,-1.0451,-275.6904
-0.9127,-1.9833,1.4160,1.9160,-0.0758,178.5060
-1.6897,0.1106,0.8185,2.0834,0.1485,139.9985
1.3337,0.3311,-0.4629,0.0960,-0.5529,-62.1028
-0.6199,0.3248,0.5750,0.6585,-0.6155,43.5846
-0.5152,0.2478,-1.7740,-1.3582,-0.1063,-196.1585
-0.9851,1.0790,-1.0409,-1.1588,0.0879,-115.9237
-0.3180,-0.9617,0.7172,-0.3582,0.1346,65.0307
-1.0719,0.6673,0.6997,-1.7664,0.2717,32.1493
-0.0843,-0.2951,1.2942,1.1386,0.5423,176.6454
0.6168,-1.1674,0.9302,0.7981,-0.4096,88.3266
1.2795,0.0730,0.4178,-0.0607,0.7134,74.2077
-0.1737,0.4566,-0.1278,1.6460,-0.5011,12.3185
1.7606,-0.8464,-2.5163,-1.4065,-1.2425,-319.5153
0.1759,-0.2146,2.4805,0.1797,0.3125,246.4082
2.1146,0.0718,0.2418,-1.0231,0.8116,37.8601
-0.1317,0.0097,-0.2007,0.4985,-0.6360,-31.4225
0.7919,-1.1010,-0.7613,-0.6020,0.7468,-44.2047
-0.9573,-1.2306,-2.1448,0.8438,0.2001,-155.7250
-0.7731,-0.0415,0.8690,0.5051,-0.5766,67.1579
0.4122,0.2291,1.5239,-0.0079,0.6103,169.3989
0.5072,0.2521,-1.0006,-1.3060,0.1325,-113.6281
1.4247,1.0899,-1.4771,-0.7657,0.9671,-101.0894
0.3871,-0.0058,3.9555,-0.7902,-1.5619,260.7043
-1.8491,1.0632,-1.4781,-0.3230,0.1070,-131.8897
0.4021,0.5569,0.8033,1.0264,-0.3401,86.3183
-1.3304,-1.4064,-0.3534,0.2578,-0.2121,-31.0653
0.6965,-0.4700,-0.7917,-1.2309,2.3275,14.1781
0.6972,-1.5685,0.6402,-0.9066,-0.8674,-5.4491
2.2554,0.8983,0.7949,-0.4230,-0.1346,57.5301
-0.6505,-1.6583,-0.9350,-0.1468,-0.0800,-87.6432
-0.6993,0.2652,1.1673,-0.7508,-2.0480,-11.8339
-3.0713,0.1961,-0.0790,-0.7782,0.6764,9.8927
0.6731,0.9919,0.9262,-0.0859,0.8329,125.5873
-0.4880,-0.6813,0.8123,-0.9117,1.2449,113.3534
2.0411,0.6723,-2.0593,1.2363,0.4633,-125.4206
-0.5157,-0.3492,-1.9809,0.5943,0.7049,-123.8028
0.2532,1.4525,-1.4883,0.7647,0.6217,-78.6751
-1.0433,1.1637,0.7214,-1.4052,-0.8508,-10.4827
-0.2950,-0.8421,0.1736,-0.2630,-0.4686,-10.4019
-0.4955,0.2264,-1.3986,-1.0932,0.5162,-126.1607
0.1747,0.2494,0.7374,0.1530,-0.4403,52.2041
-0.8409,0.3231,0.4878,0.0293,0.5246,74.1904
0.2341,0.6876,2.7592,0.1153,-1.7056,171.0490
1.1880,0.2311,-0.6408,0.9105,-0.0993,-33.3857
0.0493,-0.0271,0.9963,0.4850,1.2841,169.2769
-0.3931,-0.1172,0.0642,-0.3966,-0.5221,-26.6021
0.2191,0.0796,2.1284,0.1919,-0.9087,155.5850
-0.3706,1.1991,-1.2412,1.1688,-0.8569,-117.9160
1.7198,1.4406,0.4863,-0.3205,-0.7985,-0.2346
0.0659,1.4107,-0.1294,0.6636,-1.7167,-73.3534
0.0388,1.6362,0.1385,1.0978,0.7168,80.6211
-0.9097,-1.0911,0.2579,-1.0769,0.5548,25.3271
1.1331,1.3044,1.0478,0.1817,-0.2095,92.6734
0.2100,-0.5865,-2.1609,-0.0187,2.0444,-90.1146
-0.9009,-1.6135,1.1064,0.8812,0.0051,127.1421
0.6856,0.1505,-0.4904,0.4882,1.3318,38.1625
-0.8211,0.3612,-1.0951,0.6278,0.2200,-66.4958
1.0989,0.0739,0.7159,-0.3667,-1.3207,-6.3908
-0.3953,-1.6294,0.8098,-1.4273,-2.0116,-59.9146
0.2030,0.0068,1.7887,0.1907,1.2224,229.6414
-1.7765,0.9307,0.8613,-1.0814,0.4095,72.5353
2.1060,-0.8646,0.2620,-0.3370,-1.2350,-42.0223
0.3080,0.1474,-0.5243,0.9698,2.0577,83.4724
2.3317,-0.3823,1.1481,0.3201,1.2501,176.3592
0.3893,0.7101,-0.8477,-0.1926,0.3870,-58.6657
-0.4691,0.5070,0.4708,1.1313,-0.5684,48.6309
0.6502,-0.8596,0.6981,0.3952,0.1510,84.7215
0.0622,-0.3492,1.9029,-0.2304,-0.7608,131.0623
-0.5056,-0.7530,1.7494,1.3090,0.3245,211.1249
0.8718,0.3805,0.1828,0.7725,0.5199,66.0971
-0.9227,0.4072,2.0347,0.5657,-1.3916,133.6342
0.2170,0.4149,0.7058,-1.2148,0.7396,70.7922
0.5101,0.4177,0.3536,-0.0521,0.6870,67.8420
0.7517,-0.2825,0.5686,0.4720,-1.0996,13.8541
-0.0427,-0.3288,1.6056,1.6554,1.3006,255.9232
0.6164,-0.6115,0.7823,2.2162,-1.1347,77.6590
1.7168,-1.3265,0.0423,-0.3651,0.1619,6.3365
-0.9326,-1.3492,-1.2559,1.4460,-1.6175,-149.2538
-0.2351,1.6906,-0.2410,0.6390,-0.9910,-49.5788
-2.4967,-0.8123,-1.9969,0.0449,0.2394,-162.2773
0.3845,0.6467,0.5616,-0.9977,0.9887,75.7182
0.4550,-1.0692,-1.2739,-0.7140,1.0785,-76.9309
0.5954,0.9055,0.3058,2.1723,-1.5331,14.4507
-1.1005,0.2106,-1.1851,-0.4564,-0.4551,-136.5497
-0.1253,0.1640,-0.5464,1.7565,-0.1423,-5.2228
0.9967,0.5011,-1.4102,0.6428,0.4266,-84.0378
0.1144,0.6617,1.1533,-0.1726,0.4340,124.3759
1.5728,-1.0100,0.8734,-0.6945,1.0475,114.6286
1.5774,-1.2517,-1.9065,-0.3927,-1.6633,-258.8242
2.0083,0.9886,-0.2974,-0.6013,0.9249,6.5349
-0.4817,-1.5446,-0.6354,-0.3912,0.0435,-61.2423
1.9303,-0.3755,-0.6738,-0.5684,-0.0166,-71.9199
-0.0677,0.0924,1.6111,-0.2494,0.3142,157.1340
2.1729,-0.8704,0.2988,1.7666,0.0534,80.5843
1.8882,0.3564,1.3482,0.6036,0.1432,147.7572
-0.1832,-1.8752,-0.4998,0.9089,0.4384,5.0831
0.7872,-0.5177,-1.3070,1.8919,1.5198,11.7334
1.3852,-0.8868,2.4277,1.4394,0.6427,291.6421
-0.1937,-0.2932,0.3665,-0.5839,0.6210,51.5949
0.6496,0.2447,-0.0511,0.6373,-0.3702,-1.9119
0.0001,0.8255,-0.7245,0.8207,-1.3662,-106.2346
1.1482,-1.3625,0.4843,1.5784,0.8460,130.8806
0.0018,-0.1900,0.1228,-1.3632,-1.2936,-84.7425
0.4668,0.5570,-0.3098,-2.2488,0.4056,-63.8646
-0.6234,0.1364,0.9359,0.7987,0.7558,146.4981
-1.7679,-0.4226,0.9011,1.3446,-0.5626,92.7213
-1.5822,-2.0708,-1.2519,-1.2287,-0.4858,-164.7896
-0.6245,-0.6097,-0.3163,-0.8810,-0.8848,-91.2910
-0.5282,-0.2446,0.4564,0.5951,-0.1230,54.6578
0.4982,-1.2398,-1.9994,0.6435,-0.5777,-186.5043
-0.1448,0.1948,0.2845,0.4265,-0.4612,18.3562
0.7307,0.6230,0.0051,1.2197,-0.0017,37.0742
-2.1441,-0.4848,0.1545,-0.1892,-1.1294,-41.8504
0.0852,-0.4846,-1.8763,-0.8655,-0.7605,-224.0040
-0.1032,-2.1696,0.0235,-0.0117,-0.2003,-3.7082
1.0082,-0.0699,-0.5000,-0.8840,0.4931,-39.7674
0.0327,-1.0244,-0.0097,0.0416,-0.3751,-13.6894
0.5074,-0.4378,-1.0346,-2.0687,-1.4925,-217.3168
0.3013,0.8638,-0.2763,0.2597,-0.6374,-44.5100
1.2161,0.6405,-0.0879,0.1074,1.4085,67.7560
-1.4743,0.1930,-0.0805,1.5594,-0.2233,27.4855
-1.3445,-0.4029,-0.8715,0.3701,-0.2789,-77.6991
-0.1341,0.8731,0.0778,0.3028,-0.1887,10.1756
-1.7250,-0.2941,0.4766,0.1099,2.0820,151.4986
-0.3034,0.0445,0.5282,-1.3321,-0.6542,-16.0476
-2.1718,-0.0197,-1.4522,-0.2939,1.7252,-49.7500
-1.4514,0.0877,-0.6525,1.6405,0.6291,20.3396
-0.1344,-1.6850,0.6113,-0.0019,-1.5452,-16.8723
-1.8281,-1.1528,-1.1901,0.1161,-1.4872,-171.9894
-0.8582,-0.4669,-1.2164,-0.7118,0.1174,-118.2086
-0.2539,-0.8792,0.0794,-1.5508,0.7384,5.5758
-0.6899,1.5683,0.3335,-0.8216,-0.8605,-30.1082
0.6722,-2.0510,0.5545,1.4313,-0.3965,72.6467
0.4826,-0.3977,0.4041,-0.1689,2.2607,146.0084
0.2575,2.0089,-0.6667,-0.4914,1.1860,-10.7937
0.4799,-1.3189,-0.6158,-0.1522,0.4054,-35.1101
1.3145,0.1446,0.6815,0.3373,-0.0770,70.4394
-0.7033,-0.2799,0.8966,-1.0916,-0.5566,27.7840
0.3908,-1.2170,-0.4899,1.6850,-0.2250,-5.8979
0.5405,-0.8485,0.9198,1.1853,0.7664,155.7554
